{"pitch": [-2.9170793047299424, 11.391254536985798, 207.63098600265945, 46.77559025098991], "energy": [-1.431044578552246, 8.184337615966797, 37.32621679053811, 26.04418078283586], "mel": [-11.512925148010254, 2.0957534313201904]}